{"cameraMode":{"drawMode":0,"name":"Shaded","section":"Shading Mode"},"sceneLighting":true,"audioPlay":false,"sceneViewState":{"m_AlwaysRefresh":false,"showFog":true,"showSkybox":true,"showFlares":true,"showImageEffects":true,"showParticleSystems":true,"showVisualEffectGraphs":true,"m_FxEnabled":true},"in2DMode":false,"pivot":{"x":0.41138267517089846,"y":-0.8160064220428467,"z":0.0073163509368896488},"rotation":{"x":-0.14986653625965119,"y":0.6947818398475647,"z":-0.15158459544181825,"w":-0.686907172203064},"size":6.567595958709717,"orthographic":false}